Image,ID,ID Length,Name,Description,,
,EID_Accolades,13,Accolades,Soak it all in.,,
,EID_AcrobaticSuperhero,22,Ground Pound,Take it for a spin.,,
,EID_Aerobics,12,Work It Out,Break a sweat.,,
,EID_AfroHouse,13,Bombastic,Step up and show 'em what you've got.,,
,EID_AgentSherbert,17,Count It!,Looks like they're down for the count.,,
,EID_AirGuitar,13,Air Shredder,The guitar is in your mind. ,,
,EID_AirHorn,11,Air Horn,Subtle.,,
,EID_Alchemy_BZWS8,17,Heart-rizon,With love from the world of Horizon.,,
,EID_Alfredo,11,Lil' Diplodoculus,"3, 2, 1, drop it...",,
,EID_Alien,9,Extraterrestrial,Interplanetary groove.,,
,EID_AlienSupport,16,Team Space,Humanity had its chance.,,
,EID_Alliteration,16,Feel the Flow,Light up the street.,,
,EID_Aloha_C82XX,15,It's a Vibe,Then we dance. ,,
,EID_AmazingForever_Q68W0,24,Wakandan Salute,Wakanda Forever.,,
,EID_AncientGladiator,20,A Warrior Prepares,Fight dirty.,,
,EID_Annual,10,Noisemaker,Let 'em know it's party o'clock.,,
,EID_AntiVisitorProtest,22,Go home!,Leave us alone!,,
,EID_Anxiety,11,Squeezie Does it,Breathe in... Breathe out...,,
,EID_ApexWild,12,Showtime,Back in the game.,,
,EID_Applause,12,And The Crowd Goes Wild,"Told you they'd like me someday, DAD.",,
,EID_Apprentice,14,I Need You to Concentrate,You are getting sleepy...,,
,EID_ApprenticeSwirl,19,Hypnot-Eyes,I am getting sleepy...,,
,EID_ArcticIceBlue,17,Gohan's Charging Up,Amplify your ki.,,
,EID_ArcticIceTalus,18,Piccolo's Charging Up,Amplify your ki.,,
,EID_ArmUpDance,14,Backstroke,Put your back into it.,,
,EID_ArmWave,11,Wavy T,Strike a wavy pose.,,
,EID_Armadillo,13,Battle Stances!,Gear up for battle!,,
,EID_ArmadilloRobot,18,The Heartbreaker,Put your heart into it. ,,
,EID_ArtGiant,12,Toosie Slide,Let it slide.,,
,EID_Ashes_MYQ8O,15,Rising Phoenix,No longer is she the woman you once knew.,,
,EID_AshtonBoardwalk,19,Widow’s Pirouette,A deadly dance.,,
,EID_AshtonSaltLake,18,Dance Off,A perfect distraction.,,
,EID_AssassinSalute,18,Be Seeing You,Not if I see you first.,,
,EID_AssassinVest,16,Bulletproof,Brush it off.,,
,EID_Astral,10,Starfire's Flourish,Demonstrate your Tamaranean powers in a beautiful display.,,
,EID_Astray,10,Check the Map,"I'm not lost, I'm just disoriented.",,
,EID_AutumnTea,13,Blinding Lights,It's all in the footwork.,,
,EID_Backflip,12,Flippin' Incredible,Flip on 'em. Flex on 'em.,,
,EID_Backspin_R3NAI,18,Daywalker's Kata,Bloodsuckers beware.,,
,EID_BadBear,11,Pick Me Up,I wanna celebrate!,,
,EID_BadMood,11,Stormy,The forecast calls for frowns.,,
,EID_Balance,11,Rolly Rider,Roll with it.,,
,EID_BalletJumps,15,Balletic,So graceful.,,
,EID_BalletSpin,14,Pirouette,On point.,,
,EID_Banana,10,Nana Nana,Have a bunch of fun!,,
,EID_BangThePan,14,Pandemonium,Keep it saucy!,,
,EID_BankNotes,13,Fast Flex,Don't let 'em forget it.,,
,EID_BannerFlagMarch,19,Banner Wave,Show your true colors.,,
,EID_BannerFlagWave,18,Banner Wave,Show your true colors. ,,
,EID_Bargain_Y5KHN,17,Business Up Front,We have an accord!,,
,EID_Barium,10,Tornado Spin,Hit 'em with 360s.,,
,EID_BasilStrong,15,HULK SMASH!,They won't like you when you're angry.,,
,EID_Basketball,14,Baller,Show off your moves.,,
,EID_BasketballDribble_E6OJV,27,Dribblin',"Traveling, not ""Traveling"".",,
,EID_BasketballV2,16,Ballsy,Keep your eye on the ball. ,,
,EID_BeHere_8070H,16,Get Gone,Makeup's too strong.,,
,EID_BeckonPapayaComms,21,Beckon,Party Emote,,
,EID_Believer,12,Ska-stra-terrestrial,The invasion's fourth wave begins now!,,
,EID_Bellringer,14,Ring it on,Shake those bells.,,
,EID_Bendy,9,Zany,"Go ahead, get weird with it.",,
,EID_BestMates,13,Best Mates,Who's your best mate?,,
,EID_Betty,9,Boop!,Seize every boopable moment.,,
,EID_Beyond,10,Symbol of Peace,All Might's Flex.,,
,EID_Bicycle,11,Hang Loose Celebration,There is no pressure when you're making a dream come true.,,
,EID_BicycleStyle,16,Shhh.,"Talk less, play more.",,
,EID_BigfootWalk,15,Sasquatchin',Put you best bigfoot forward.,,
,EID_BillyBounce,15,Billy Bounce,You do you. ,,
,EID_BirdsNestBlue,17,Cursed Energy,Channel your negative emotions.,,
,EID_BistroStyle_P0XFD,21,Just Keep Breathin',Find your way up into the clouds.,,
,EID_Bites,9,Chrome Conjurer,Summon the gift of the Nothing.,,
,EID_BlackMondayFemale_6HO4L,27,Whipcrack,Whip up some action. ,,
,EID_BlackMondayMale2,20,Martial Arts Master,Master the art of battle.,,
,EID_BlackMondayMale_E0VSB,25,Bat Signal,Did somebody order a Batman?,,
,EID_Blaster,11,Crossbounce,Bounce into the groove.,,
,EID_BlazerVeil,14,Crack It,Find a way in.,,
,EID_BlowingBubbles,18,Blowing Bubbles,Get poppin.,,
,EID_BlueApparel,15,Fast Feet,Keep it moving.,,
,EID_BlueJay,11,Blowin' Up,Feel the love. ,,
,EID_BluePhoto_JSG4D,19,Build Up,I'm not built for you. Dance moves by Bella Poarch.,,
,EID_Bollywood,13,Bhangra Boogie,Celebrate together.,,
,EID_Boneless,12,Boneless,Beyond bendy.,,
,EID_BoogieDown,14,Boogie Down,Boogie Down with Populotus.,,
,EID_Boombox,11,Boomin',Music on the move.,,
,EID_Boomer_N2RQT,16,Bim Bam Boom,It's pshht and it's vroom.,,
,EID_BootsAndCats,16,Boots 'n' Cats,Beat outside the box.,,
,EID_BottleCapChallenge,22,Cap Kick,Give it a kick. ,,
,EID_Bouquet,11,Bloomin' Bouquet,Freshly picked for you.,,
,EID_BrawnyBass,14,Flaky Feast,You can't live life one flake at a time.,,
,EID_BreakDance,14,Breakin',Bust a move!,,
,EID_BreakYou,12,Breaking Point,Give 'em a break.,,
,EID_Breakboy,12,Switchstep,Switch it up.,,
,EID_Breakdance2,15,Breakneck,"Break it down, just don't break your neck.",,
,EID_BreakfastCoffeeDance,24,Primo Moves,Take it to the max!,,
,EID_Breakthrough,16,Eureka!,I've done it!,,
,EID_BringItOn,13,Bring It,Let's see what you've got.,,
,EID_Broccoli_PZIIW,18,Go Ape,"Hey, he called next.",,
,EID_BuffCat,11,Swole Cat,Gotta get those gains.,,
,EID_BuffCatComic_EV4HK,22,Squash & Stretch,Don't forget the follow-through.,,
,EID_BuffetMoment_LCZQS,22,XOXO,Send some love.,,
,EID_BuildASnowman,17,Snow Day,We'll make him our best friend.,,
,EID_Builders,12,Lunch Break,I want five of 'em.,,
,EID_Bulletproof,15,Run It Down,Only the best can keep up with you.,,
,EID_BunnyFlop,13,Hoppity,Without the hippity there can be no hoppity.,,
,EID_Bunnyhop,12,Bunny Hop,Put all your eggs in one basket.,,
,EID_BurgerFlipping,18,Sizzlin',Flip with flavor. ,,
,EID_Burpee,10,Burpee,Set a new personal best.,,
,EID_Butter_1R26Q,16,Gloss,Sleek and silky smooth.,,
,EID_ByTheFire,13,Hey Now!,Make those flames go higher. ,,
,EID_CactusTPose,15,Prickly Pose,Completely inconspicuous.,,
,EID_Cadet,9,Bag of Essentials,Touched up and ready to brawl.,,
,EID_Calculated,14,Calculated,Think about it.,,
,EID_CallMe,10,Call me,"Seriously though, just send a text. ",,
,EID_Caller,10,Lights up,This is my song!,,
,EID_Canary,10,Indy's Dustoff,"In the face of danger, be ready to go first.",,
,EID_Candor,10,Digitized,Go forth and scout a new digital reality.,,
,EID_CandyDance,14,Sugar Rush,Shake it til you crash.,,
,EID_Capital,11,Share the Wealth,It's got important llamas on it.,,
,EID_Capoeira,12,Capoeira,Are you ready to dance with danger?,,
,EID_Cartwheel,13,Cartwheelin',Head over heels. ,,
,EID_Cashier_HGQ8X,17,Good Guy,Don't have a good day... have a great day.,,
,EID_CattusRoar,14,Power Roar,Scream of the Devourer.,,
,EID_Celebration,15,Jubilation,A heaping helping of happiness!,,
,EID_CelebrationDance,20,Bring it around,It's all in the... elbows maybe?,,
,EID_CerealBox,13,Flake Shake,He's actually in horrible agony.,,
,EID_Chainmail,13,Called Shot,They'll hear this one 'round the world.,,
,EID_ChairTime,13,Have a Seat,Pull up a chair and relax.,,
,EID_Chashu,10,Ramen Break,Treat yourself to a lil' shinobi snack.,,
,EID_CheckeredFlag,17,On Your Marks...,Get set... Go!,,
,EID_Checkmate,13,Chess Master,King me. ,,
,EID_CheerPapayaComms,20,Cheer,Party Emote,,
,EID_Cheerleading,16,Cheer Up,Be aggressive. B-E aggressive. ,,
,EID_Cherish,11,Bounce Wit' It,Do it to it!,,
,EID_Chew,8,Tootsee,I feel a whoop comin' on.,,
,EID_Chicken,11,Chicken,Top of the pecking order.,,
,EID_ChickenLeg_TDJ0O,20,Snare Solo,Who needs a hi-hat when you've got fancy footwork like this? ,,
,EID_ChickenMoves,16,Cluck Strut,Who're you calling chicken?,,
,EID_ChillCat,12,Laser Focused,You'll catch it this time.,,
,EID_Chilled,11,Drippin' Flavor,Mmm!,,
,EID_Chopsticks,14,Distracted,Plan of attack... entirely forgotten. ,,
,EID_Chuckle,11,Mwahaha,Evil laughter unleashed.,,
,EID_Chug,8,Go! Go! Go!,You can do it!,,
,EID_Chugga,10,Chugga-Chugga,Your training begins now.,,
,EID_ChuggaFollower,18,Chugga-Chugga,,,
,EID_CinderMax,13,This is Fine,Everything is perfectly alright.,,
,EID_Citadel,11,Call to Arms,One must protect themselves.,,
,EID_Clamor,10,Shout!,A celebration classic.,,
,EID_Clamor_Follower,19,Jump Around,"What jumps up, must get down.",,
,EID_Clamor_Follower_Offset,26,Jump Around,"What jumps up, must get down.",,
,EID_ClapPapayaComms,19,Clap,Party Emote,,
,EID_Clapperboard,16,Take 14,...and action!,,
,EID_Clash_JLK96,15,Venom Unleashed,"Time to cut loose, Eddie!",,
,EID_ClearRadius,15,Scout Regiment Salute,"Together, we give our hearts.",,
,EID_ClearRadius_Follower,24,Jump Around,"What jumps up, must get down.",,
,EID_ClimbTheStaff,17,Staff Stand,Staff up and take your stand.,,
,EID_CloudFloat,14,Dream Stance,Tap into the glyphs.,,
,EID_CoinToss,12,Coin Flip,Best two out of three?,,
,EID_Collectable,15,Arm-y Guy,Need a hand with that?,,
,EID_Competitor,14,Night Out,Go out and play.,,
,EID_Comrade_6O5AK,17,Rushin' Around,There lived a certain man...,,
,EID_Concentrate_0W5GY,21,How Sweet!,Hope you saved room.,,
,EID_Confused,12,Confused,Seriously. What happened?,,
,EID_Conga,9,Conga,Get in line.,,
,EID_Congestion,14,Stop!,Don't do it.,,
,EID_CoolOff,11,I Declare!,Be your own biggest fan.,,
,EID_CoolRobot,13,Overdrive,Push it past the limit.,,
,EID_Coping,10,Copines,Squad up with your best friends.,,
,EID_Coronet,11,Crowning Achievement,"Oooh, sparkly. ",,
,EID_CosmosPet,13,Hover-Pram Control,Keep him close.,,
,EID_Cottontail,14,Celebrate Me,Always the center of attention.,,
,EID_CowboyDance,15,Knee Slapper,Rustle up the rhythm.,,
,EID_CoyoteTrail,15,Warm-Up,Shuffle with me!,,
,EID_CrabDance,13,Crabby,Ready in a pinch.,,
,EID_Crackle,11,Aw Snap!,Did you see that?,,
,EID_CrackshotClock,18,Around the Clock,Keep time.,,
,EID_CrackshotDance,18,Crackdown,Go nuts.,,
,EID_CrazyDance,14,Droop,Dig deep.,,
,EID_CrazyFeet,13,Crazy Feet,Wild and crazy feet!,,
,EID_CrimsonPeak,15,Bench Upgrade,"Easy to assemble, even if the lights go out.",,
,EID_CrispRover,14,Dramatic Flares,Send them a signal of your distress.,,
,EID_CrissCross,14,Criss Cross,Get your point across.,,
,EID_Cruising,12,Lil' Kart,Take a lil' lap around the lil' track.,,
,EID_Cry,7,Waterworks,Show 'em your battle cry.,,
,EID_Custodial,13,Clean Sweep,Tidy as you go.,,
,EID_CyberArmor,14,Blade Breaker,Assassin protocol activated.,,
,EID_Cyclone,11,Rage,It's Lit!,,
,EID_CycloneHeadBang,19,Head Banger,Open it up!,,
,EID_DJ01,8,Drop The Bass,Wait for it...,,
,EID_DaBounce,12,Get Loose,Ready for whatever comes your way.,,
,EID_Dab,7,Dab,Express yourself on the battlefield.,,
,EID_DanceMoves,14,Dance Moves,Express yourself on the battlefield.,,
,EID_DarkFireLegends,19,Unification,Balance the forces.,,
,EID_Dashing,11,Lil' Prancer,"Dash away, dash away!",,
,EID_Davinci,11,Levitate,Rise above.,,
,EID_Dazzle,10,Expressionism,Color your reality however you want.,,
,EID_DeepDab,11,Deep Dab,Bring 'em down to your level.,,
,EID_Deflated_6POAZ,18,Pump up the Jam,Pump it up. Dance moves by Perri Kiely.,,
,EID_DesertShadow,16,Snikt! Snikt!,Equip Wolverine's signature claws.,,
,EID_Devotion,12,Without You,Put no one above you. ,,
,EID_Dinosaur,12,Rawr,Tyrannosaurus royale.,,
,EID_Direction,13,Sweaty Rotation,Don't sweat it. ,,
,EID_Disagree,12,Denied,Not this time.,,
,EID_DiscoFever,14,Disco Fever,Heat up the dance floor.,,
,EID_Disintegrate,16,Instrument of Destruction,Show them you're a rockstar.,,
,EID_DistantEcho,15,Lil' Speeder Bike,"An Imperial 74-Z speeder bike, to be precise.",,
,EID_DivinePose,14,Harmony,Achieve inner balance. ,,
,EID_Division,12,Nailed it,I can only feign interest for so long.,,
,EID_DoggyStrut,14,Strut,"Take your time, you'll get there.",,
,EID_DontBeSquare,16,So Square,"Like, seriously. So square.",,
,EID_DontSneeze,14,Smeeze,Hop to it.,,
,EID_Donut1,10,Scootin',Dangerously dainty.,,
,EID_Donut2,10,Chimichanga!,Too hot! Too hot!,,
,EID_Doodling,12,Love it!,A true work of art. ,,
,EID_DoubleTake,14,Made You Look,Flaunt in whatever you've got on.,,
,EID_Doublesnap,14,Revel,Nothing wrong with a little celebration.,,
,EID_Downward_8GZUA,18,Stuck,Keep rising. Never back down.,,
,EID_Dreadful,12,Ask Me,Don't fall in love with me.,,
,EID_DreamFeet,13,Dream Feet,Get some boogie in your boots.,,
,EID_DrumMajor,13,Drum Major,"Lead the line, and step in time.",,
,EID_DualParadox,15,Goku Black's Charging Up,Amplify your ki.,,
,EID_DuckTeacher_9IPLU,21,Everybody Loves Me,Open your textbook to chapter seven.,,
,EID_Dumbbell_Lift,17,Featherweight,Do you even lift?,,
,EID_Dunk,8,Buckets,Own the game.,,
,EID_DustOffShoulders,20,Brush Your Shoulders,Get that dirt off your shoulder.,,
,EID_DustingHands,16,Job Well Done,That's that.,,
,EID_EasternBloc,15,Squat Kick,Don't skip leg day.,,
,EID_Ebony,9,Standing Bow,Show some respect.,,
,EID_Eerie_8WGYK,15,I Ain't Afraid,"There's somethin' strange, in your neighborhood... and that one... and that one...",,
,EID_EgyptianDance,17,Glyphic,A dance for the ages.,,
,EID_Elastic,11,Hero's Beacon,Light the signal.,,
,EID_ElectroShuffle,18,Electro Shuffle,Express yourself on the battlefield.,,
,EID_ElectroShuffle_V2,21,Signature Shuffle,Show off your signature moves. ,,
,EID_ElectroSwing,16,Electro Swing,"Brand new groove, old school swing.",,
,EID_EmeraldGlassGreen,21,Izuku's Quirk,I'll do my best!,,
,EID_EmeraldGlassTransform,25,All Might's Transform,Unleash your inner power!,,
,EID_Emperor,11,Secret Identity,Tell no one.,,
,EID_Endear,10,Heart Attach,Welcome to the unbroken hearts club.,,
,EID_Energize,12,Charging Up,Amplify your ki.,,
,EID_EnergizeStoic,17,Boosting Ki,Show off your power.,,
,EID_EngagedWalk,15,Focused,Stay focused in the heat of battle. ,,
,EID_EpicYarn,12,Choice Knit,"You wanted a v-neck, right? ",,
,EID_Everytime,13,Vivacious,Never stop dancing.,,
,EID_Exaggerated,15,Egg Drop Scoop,Exit through the gift basket.,,
,EID_Facepalm,12,Face Palm,The cringe is real.,,
,EID_FancyFeet,13,Fancy Feet,Show off that footwork.,,
,EID_FancyWorkout,16,Fanciful,Just a little dance to get the heartrate going.,,
,EID_Fangs,9,Striking Shadow Snakes,A jutsu favored by Orochimaru.,,
,EID_Faux,8,Unzipped,Zip it!,,
,EID_FearlessFlight,18,Put 'er There,Get hammy and go whammy.,,
,EID_Feral,9,Savage,You a challenger or what?,,
,EID_FingerGuns,14,Finger Guns,Express yourself on the battlefield.,,
,EID_FingerGunsV2,16,Sharpshooter,Lookin' good out there. ,,
,EID_FireDance,13,Fire Spinner,Heat it up.,,
,EID_Firecracker,15,Short Fuse,Go ahead. Feel those feelings. ,,
,EID_FirecrackerSparks,21,Roman Candle,Are you feeling sparks?,,
,EID_FireworksSpin,17,Rocket Spinner,Don't try this at home!,,
,EID_Fireworks_WKX2W,19,Grand Salute,A salute to all heroes.,,
,EID_Fishbowl,12,Black Wings,The bird that carries Yennefer's message.,,
,EID_FistPump,12,Fist Pump,Emphatically flailing fists.,,
,EID_FlagPlant,13,Stake Your Claim,Fly it free. Fly it proud.,,
,EID_FlailingFins,16,Fishy Flourish,A daring Atlantean tango.,,
,EID_Flamenco,12,Flamenco,Clap it up.,,
,EID_Flapper,11,Flapper,It's the bee's knees!,,
,EID_Flex,8,Gun Show,Express yourself on the battlefield.,,
,EID_Flex02,10,Flex On 'Em,Let them know.,,
,EID_FlipIt,10,Miracle Trickshot,Defy gravity at the ball game.,,
,EID_Floppy,10,Fandangle,Loosen up and prepare for nonsense.,,
,EID_Floss,9,Floss,Express yourself on the battlefield.,,
,EID_Flourish,12,Arrival of the Empress,A ritual only known by the Empress of the River Guard.,,
,EID_FlyingKite,14,Kite!,Let's fly!,,
,EID_Foe_4EWJV,13,Arm the Pumpkin!,Hope you brought enough to share...,,
,EID_Football20Flag_C3QEE,24,Penalty,That's a flag!,,
,EID_FootballTD_U2HZI,20,It's good!,Straight through the uprights!,,
,EID_Fresh,9,Fresh,Express yourself on the battlefield.,,
,EID_FrisbeeShow,15,Disc Spinner,Put on a show.,,
,EID_Frontier,12,Rootin' Tootin',Can I get a yeehaw?,,
,EID_Fuchsia,11,Lance Dance,Joust with flair.,,
,EID_FutureSamurai,17,Vengeful Wish,He's been waiting for this for a long time.,,
,EID_FuzzBall,12,Sweet Shot,Bursting with joy.,,
,EID_GabbyHipHop_01,18,Laid Back Shuffle,It's all in the legs.,,
,EID_Galileo1_B3EX6,18,Dark Side,There is a great disturbance in the Force.,,
,EID_Galileo2_2VYEJ,18,Traitor!,Bring order to the galaxy.,,
,EID_Galileo3_T4DKO,18,Jedi Training,Sharpen your skills.,,
,EID_Galileo4_PXPE0,18,Resistance Thumbs Up,Encouragment across the galaxy.,,
,EID_GasStation_104FQ,20,Pull Up,Pull up and take the challenge.,,
,EID_GetFunky,12,Get Funky,Find your groove.,,
,EID_GetOverHere,15,C'mere,Don't make me go over there.,,
,EID_GetTheHorns,15,Bully,Get ready to charge.,,
,EID_GhostHunter,15,Sideways Shift,"It's all Sideways, here.",,
,EID_Gimmick_Female_6CMF4,24,Hands Off!,"Keep your hands to yourself, sugah.",,
,EID_Gimmick_Male_8ZFCA,22,Deal 'Em Out,"The power ain't in the cards, mon frère.",,
,EID_Gleam,9,Follow the Butterfly,All things take flight.,,
,EID_GlowstickDance,18,Glowsticks,Make it glow.,,
,EID_GoatDance,13,Double Up,It takes two...,,
,EID_GoatDance_Sync,18,Double Up,It takes two...,,
,EID_GoatDance_Sync_Owned,24,Double Up,It takes two...,,
,EID_GolfClap,12,Golf Clap,Good show. Good show.,,
,EID_GoodVibes,13,Orange Justice,It's also a great exercise move.,,
,EID_Goodbye,11,Side Shuffle,Keep it seamless.,,
,EID_GothDance,13,Infectious,Let it take over.,,
,EID_Grapefruit,14,PAC-Brained,Waka waka!,,
,EID_Grasshopper_8D51K,21,¡Que no panda el cúnico!,"Calm down, let's panic, don't relax!",,
,EID_Griddles,12,Get Griddy,Keep your eye on the end zone.,,
,EID_GrilledCheese_N31C9,23,Controller Crew,Two sticks. One heart.,,
,EID_GrooveJam,13,Groove Jam,Untamed groove.,,
,EID_Grooving,12,Vibin',Find your flow.,,
,EID_GroovingSparkle,19,Vibrant Vibin',Seize the spotlight. ,,
,EID_GroovyPetals,16,Sprout of Tune,Put your petal to the metal.,,
,EID_GuitarWalk,14,Guitar Walk,Play on.,,
,EID_Gumball,11,Brain Candy,Unforgettable flavor.,,
,EID_GunspinnerTeacup,20,Syrup Slinger,Syrup the ante.,,
,EID_GwaraDance,14,Bold Stance,Stand your ground and break it down.,,
,EID_HNYGoodRiddance,19,Out With The Old,May your new year be a blowout.,,
,EID_HackySack,13,Sackin',Can you hack it?,,
,EID_HailingCab,14,Taxi!,When you got places to be.,,
,EID_HalloweenCandy,18,Treat Yourself,Go ahead and take two... or the entire bucket.,,
,EID_HandSignals,15,Hand Signals,All signals go?,,
,EID_Handlebars,14,Segway Tour,The only way to get around the island. ,,
,EID_HandsUp,11,Planetary Vibe,Bring 'em into your orbit.,,
,EID_HandstandLegDab,19,Dabstand,Get a leg up on the competition.,,
,EID_HappyBirthday,17,Take The Cake,Enjoy the big blowout!,,
,EID_HappySkipping,17,Tra La La,Sometimes you just need to skip the battle.,,
,EID_HappyWave,13,Hello Friend,Hi there!,,
,EID_Haste1_T98Z9,16,Dunk on 'Em,Make Jordan proud.,,
,EID_HawtChamp,13,Toasted Coconut,Celebrate the competition.,,
,EID_HeadBang,12,Headbanger,Bang your head against the air.,,
,EID_HeadShake,13,Bobbin',Really get into it.,,
,EID_Headband,12,Summoning Jutsu,Did you remember to form your contract?,,
,EID_Headset,11,Sypher's Strut,Sheeeeeesh!,,
,EID_Heartsign,13,Heart Sign,"Cross your fingers, cross your heart.",,
,EID_HeelClick,13,Click!,Jump for joy.,,
,EID_Herald,10,Reality's Master,Make this reality your plaything.,,
,EID_HiFive,10,High Five,Up Top.,,
,EID_HiFive_JoinAdHocSquad,25,Join Squad,Stength in numbers,,
,EID_HiFive_JoinAdHocSquads,26,[PH] Join Squad,[PH] Stength in numbers,,
,EID_HiFive_Sync,15,High Five,Up Top.,,
,EID_HiFive_SyncOwned,20,High Five,Up Top.,,
,EID_HiFive_SyncOwned_InfiniteTolerance,38,High Five,Up Top.,,
,EID_HiFive_Sync_InfiniteTolerance,33,High Five,Up Top.,,
,EID_HiLowWave,13,Daydream,Dance the day away.,,
,EID_HighActivity,16,Kick Back,No sweat.,,
,EID_HightowerDate,17,Victory Von Doom,Earn a Victory Royal and sit in judgement with Doctor Doom's built-in emote.,,
,EID_HightowerGrape,18,Battle Brother,Don't forget your favorite furry pal.,,
,EID_HightowerHoneydew,21,Gamma Overload,Transform into She-Hulk.,,
,EID_HightowerMango,18,Shapeshifter,Eliminate your opponent and borrow their appearance.,,
,EID_HightowerSquash,19,Gale Force,Control the elements!,,
,EID_HightowerTapas,18,God of Thunder,Only the worthy can raise Mjolnir in battle.,,
,EID_HightowerTomato,19,Suit Up,Transform into Iron Man.,,
,EID_HightowerTomato_NPC,23,Hover,Iron Man AI Hovers,,
,EID_HightowerWasabi,19,Snikt!,Equip Wolverine's adamantium claws.,,
,EID_Hilda,9,Witch Way,The only way to fly.,,
,EID_HipHop01,12,Freestylin',Tear up the dance floor.,,
,EID_HipHopS5,12,Breakdown,Break it down.,,
,EID_HipHopS7,12,Free Flow,Feel the flow.,,
,EID_HipToBeSquare,17,Business Hips,Put some swivel in your step.,,
,EID_Historian_2TEF8,19,Freezing Burst,Unleash the frozen Leviathan.,,
,EID_Hitchhiker,14,Hitchhiker,Take a hike.,,
,EID_HoldOnAMinute,17,Hang on,Let's just talk this out...,,
,EID_HolidayCracker,18,Party Favor,Get Cracking.,,
,EID_HolidayCracker_Owned,24,Party Favor,Get Cracking,,
,EID_HolidayCracker_Sync,23,Party Favor,Get Cracking,,
,EID_HolidayCracker_Sync_Follower,32,Party Favor,Get Cracking,,
,EID_HolidayCracker_Sync_Owned_Follower,38,Party Favor,Get Cracking,,
,EID_Hopper,10,Bouncer,Hop on. ,,
,EID_Hoppin,10,Square Up,This one goes all the way to the hop.,,
,EID_HotPink,11,Say So,Roll with the changes.,,
,EID_HotStuff,12,Hot Stuff,Tss!,,
,EID_Hula,8,Hula,Get the luau started!,,
,EID_HulaHoop,12,Hoop Master,Round and round.,,
,EID_HulaHoopChallenge,21,Hula Hoopin',Practice makes perfect. ,,
,EID_Hustle,10,Tocked Off,Pick up the pace.,,
,EID_Huzzah,10,Fort Knighted,"Arise, a knight of the realm. ",,
,EID_Huzzah_Owned,16,Fort Knighted,,,
,EID_Huzzah_Owned_Follower,25,Fort Knighted,,,
,EID_Huzzah_Sync,15,Fort Knighted,,,
,EID_Huzzah_Sync_Follower,24,Fort Knighted,,,
,EID_Hydraulics,14,Lil' Bounce,Custom built with lil' hydraulics. ,,
,EID_Hype,8,Hype,Get hyped.,,
,EID_IDontKnow,13,IDK,Don't ask me.,,
,EID_IceKing,11,Point It Out,You've been warned.,,
,EID_Iconic,10,Ma-Ya-Hi,Put your hands in the air.,,
,EID_Ignite,10,Slide Stride,You're on your way.,,
,EID_Impulse,11,Fan Fervor,Goooooal!,,
,EID_Impulse_Follower,20,Jump Around,"What jumps up, must get down.",,
,EID_IndianDance,15,Lavish,Join in the celebration. ,,
,EID_IndieBucket,15,BeatzBunny,A game of dexterity and adorability.,,
,EID_Indigo,10,Lil' ED-209,Careful on the stairs.,,
,EID_IndigoApple,15,Poki,Positively enthusiastic.,,
,EID_Inferno,11,Swag Shot,Welcome to the guilty party.,,
,EID_InfiniteDab,15,Infinite Dab,"Can't stop, won't stop.",,
,EID_InspireSpell,16,Target Training,Keep your eyes on the mitts.,,
,EID_Intensity,13,Intensity,Dance like you mean it.,,
,EID_Intensity_Copy,18,Ritual,Dance like you mean it.,,
,EID_Interstellar,16,GALAXIAN,MISSION: DESTROY ALIENS.,,
,EID_IrishJig,12,Step It Up,Do a little jig.,,
,EID_Irons,9,Curling Iron,"Do you even lift, bro?",,
,EID_Jammin,10,Clean Groove,Dust off your best moves.,,
,EID_Jammin_Copy,15,Ritual,Dust off your best moves.,,
,EID_JanuaryBop,14,Jabba Switchway,I'm a little bit different. They get it.,,
,EID_Jaywalking,14,Jaywalking,Don't just walk the line.,,
,EID_JazzDance,13,Slick,Makin' it look easy.,,
,EID_JazzHands,13,Jazz Hands,Get jazzy.,,
,EID_JellyFrog,13,Fishin',There's always time for a little fishin'.,,
,EID_Jiggle,10,Jiggle Jiggle,You really have to see it.,,
,EID_Jingle,10,Lil' Treat,Here comes the sweetness!,,
,EID_Jockey,10,Start it Up,Get this thing rolling. ,,
,EID_Jokes,9,Rim Shot,Everybody thinks they're a comedian.,,
,EID_Journey,11,Assassin's Strike,Stop the Templars. At all costs.,,
,EID_JourneyMentor_X2D9N,23,Viking War Cry,Let the raid begin.,,
,EID_Jovial,10,Sunny Stroll,It's a beautiful day on the Island.,,
,EID_Juggler,11,Jugglin',Pure concentration.,,
,EID_Jugular,11,Jug Band,Every rollicking hootenanny starts with a single jug.,,
,EID_JulyBooks,13,Out West,Jump off the back of the bus.,,
,EID_JumpStyleDance,18,Springy ,Always bounce back. ,,
,EID_JumpingJack,15,Jumping Jacks,Get jacked!,,
,EID_JumpingJoy_WKPG4,20,I Like To Move It,Move it. ,,
,EID_Jupiter_7JZ9R,17,Lil' Warthog,Snack size M12 Force Application Vehicle.,,
,EID_JustHome,12,The Renegade,Win big.,,
,EID_KEagle,10,Eagle,Believe you can fly.,,
,EID_KPopDance01,15,True Heart,<3,,
,EID_KPopDance02,15,Smooth Moves,Make them swoon.,,
,EID_KPopDance03,15,Scenario,Make it happen.,,
,EID_KeeperDreamChorus,21,I'm Diamond,You know I glow up.,,
,EID_KeeperDreamGlowstick,24,Glow On,Glow with the music and dance.,,
,EID_KeeperDreamHook,19,It's Dynamite!,Light it up!,,
,EID_KeplerFemale_C98JD,22,Burst Case Scenario,That's some serious indigestion.,,
,EID_KeplerMale_OQS83,20,Xeno Menace,Don't spoil your appetite.,,
,EID_Kilo_VD0PK,14,Pelé’s Air Punch,A celebration fit for a King.,,
,EID_KingEagle,13,CrazyBoy,Never forget your pure heart and fight on.,,
,EID_KissKiss,12,Kiss Kiss,Show some love.,,
,EID_KitchenNavigator,20,Dynamic Shuffle,I know the moves!,,
,EID_Kittycat,12,Cat Flip,Show your catlike reflexes.,,
,EID_KnightCat,13,Dagger Dance,A battle-ready Wish Guardian ritual.,,
,EID_KpopDance04,15,Glitter,Show your sparkle. ,,
,EID_KungFuSalute,16,Respect,For worthy combatants.,,
,EID_KungFuShadowBoxing,22,Shadow Spar,Train for victory. ,,
,EID_LasagnaDance,16,Lazer Blast,Major moves.,,
,EID_LasagnaFlex,15,Lazer Flex,Armed and dangerous.,,
,EID_LassoPolo_G5AI0,19,Three Wise Monkeys,Collect the whole set.,,
,EID_Lasso_ADP0O,15,Sweet Victory,That's how we do it.,,
,EID_LastVoice,13,Keep 'Em Crispy,Anything but cooked.,,
,EID_Lateral_7QJD6,17,Amazing Unmasking,Because there's still no hole for eating.,,
,EID_Laugh,9,Laugh It Up,What's so funny?,,
,EID_LaughTrack,14,[Insert Laughter Here],I mean I thought it was funny but..,,
,EID_Layers_BBZ49,16,Frolic,Nothin' gets you down. ,,
,EID_LazarusLens,15,Metamorphosis,Be your truest self.,,
,EID_LazyShuffle,15,Lazy Shuffle,Keep it lazy.,,
,EID_LetsBegin,13,Don't Start Now,I'm better on the other side.,,
,EID_LetsPlay,12,Raise The Cup,Winning looks good on you.,,
,EID_Lettuce,11,Beast Blastin',I Am Making It Rain Over Here!,,
,EID_Lexa,8,Hunter Protocol,Set mechafusion levels to maximum.,,
,EID_Lifted,10,Lil' Monster,Keep on lil' truckin.,,
,EID_LimaBean,12,Distraction Dance,You have been distracted!,,
,EID_LineDance,13,Buckle Up,"Line 'em up, pard'ner.",,
,EID_LittleEgg_69OX0,19,The Pollo Dance,Don't know the moves? Just wing it.,,
,EID_LivingLarge,15,Living Large,Life is good.,,
,EID_LlamaBell,13,Llama Bell,Clang! Clang! Clang! Clang!,,
,EID_LlamaFloat,14,Lil' Floaticorn,Get a lil llama llift.,,
,EID_LlamaMarch,14,Llama Conga,Trot on. ,,
,EID_LlamaRider_Glitter,22,Glitter-up,What a sparkly mess!,,
,EID_LocalZilla,14,Chef's Special,Dinner and a show.,,
,EID_LockItUp,12,Lock It Up,Snap into place.,,
,EID_LogarithmKick_NJVD8,23,Trinity's Kick,Dodge this. ,,
,EID_LogarithmWhoa_T3PF9,23,Neo's Bullet Time,"It's not a matter of hope, but a matter of (bullet) time.",,
,EID_LoneWolf,12,Lunar Charge,Embrace the next phase of battle. ,,
,EID_Lonely,10,Where Ya Going?,Get me outta here!,,
,EID_Loofah,10,Bounce Berry,One sweet little berry. ,,
,EID_LookAtThis,14,Behold!,Look at this!,,
,EID_LoudPhoenix,15,Barrage Cannon,Ionic intimidation.,,
,EID_Lounging,12,Bean Bag,Snacks not included.,,
,EID_LunchBox,12,PWR Punch,PWR up!,,
,EID_Lyrical,11,Wu-Tang is Forever,Put your hands up.,,
,EID_Macaroon_45LHE,18,The Macarena,Heeeeey Macarena. ,,
,EID_MagicMan,12,Verve,It's all about the energy.,,
,EID_MagicMeadow,15,Igni Sign,Behold the sign of Fire.,,
,EID_Majesty_49JWY,17,The Silencer,Stun 'em.,,
,EID_MakeItPlantain,18,Make It Plantain,It's bananas. ,,
,EID_MakeItRain,14,Make It Rain,Better grab an umbrella!,,
,EID_MakeItRainV2,16,Raining Doubloons,Make it rain gold.,,
,EID_ManAndMonster,17,Morph Juice,Awaken your inner monster.,,
,EID_Maracas,11,Shake It Up,Feel the rhythm.,,
,EID_Marionette,14,Master of Puppets,I'm pulling your strings.,,
,EID_MartialArts,15,Punched Up,Show off your form.,,
,EID_Martian_SK4J6,17,Leave The Door Open,Music by Bruno Mars & Anderson .Paak as Silk Sonic. Dance Moves by Bruno Mars.,,
,EID_MashedPotato,16,Mashed Potato,Gravy not included.,,
,EID_MathDance,13,Advanced Math,Break it down and show your work.  ,,
,EID_MaxEnergize,15,Goku's Charging Up,Amplify your ki.,,
,EID_MechPeely,13,Peely Pulse,Blend in to your surroundings.,,
,EID_Melancholy,14,Stormy Slog,What a less than glorious feeling.,,
,EID_MercurialStorm,18,"Iron Man, Revealed","Double the helmet, double the protection.",,
,EID_Meticulous,14,Fusion! Hah!!,Do you remember the dance steps?,,
,EID_MicDrop,11,Mic Drop,We're done here.,,
,EID_Mime,8,Mime Time,Please take me seriously!,,
,EID_MindBlown,13,Mind Blown,Rethink everything you know.,,
,EID_ModerateAmount_9LUN1,24,Wanna See Me,Do your dance.,,
,EID_Monarch,11,Bracelets of Hephaestus,Powerful gauntlets forged from the Aegis.,,
,EID_MonteCarlo,14,Freemix,Anything goes. ,,
,EID_MonteKeyboard,17,Keyed Up,Lock in the melody.,,
,EID_Moonwalking,15,Moon Bounce,Gravity can't hold you down. ,,
,EID_MotorcycleMayhem,20,LIl' Wheelie,Take a short ride.,,
,EID_Mouse,9,Squeak!,How does she do that?,,
,EID_MusketSlinger,17,Dice Roll,You know the odds.,,
,EID_MyEffort_BT5Z0,18,Leilt Elomr,Sweeten your life. Music by Hamaki.,,
,EID_MyIdol,10,My Idol!,...in the presence of a legend.,,
,EID_Mystic,10,Conjure Weapon,It's all in the wrists...and other dimensional energies.,,
,EID_NPC_ByTheFire,17,Hey Now! FOR NPCs,USED FOR AI NPCs. SHOULD NOT BE ON STORE.,,
,EID_NPC_Gardener_Nurture,24,Nuture Egg NPC ONLY,FOR USE BY NPC ONLY,,
,EID_NPC_Gardener_Place,22,Place Egg NPC ONLY,FOR USE BY NPC ONLY,,
,EID_Nebula,10,Taiko Drumbeat,Feel it in your heart.,,
,EID_NeedToGo,12,It's Go Time!,It's now or right now!,,
,EID_NeonCatSpy,14,Spin Out,Don't forget to pose.,,
,EID_NeverGonna,14,Never Gonna,Surprisingly smooth. ,,
,EID_NightHawk_V2,16,Titan Run: Rampage,Breach the walls.,,
,EID_NightHawk_V3,16,Titan Run: Freestyle,Breach the walls.,,
,EID_Nighthawk,13,Titan Run: Rush,Breach the walls.,,
,EID_Nightmare_MS3AQ,19,Bio-helmet Online,They'll never see you coming.,,
,EID_Nimble,10,The Quick Style,Show off all of that style.,,
,EID_NitroFlow,13,Empress Fan Dance,Grace. Beauty. Power.,,
,EID_Noble,9,Obi-Wan's Message,An important transmission.,,
,EID_NodHeadMoleComms,20,Nod Head,Game Mode Emote,,
,EID_NodHeadPapayaComms,22,Nod Head,Party Emote,,
,EID_Noodles_X6R9E,17,Chicken Wing It,Sometimes you just need to make up a dance on the spot.,,
,EID_NotToday,12,Finger Wag,"Not today, my friend.",,
,EID_OG_RunningMan,17,Old School ,Never out of style. ,,
,EID_Obsidian,12,Azarath Metrion Zinthos!,Hone your power taught from the Monks of Azarath.,,
,EID_OceanBreeze,15,Get Flakey,Meet the phantom.,,
,EID_Octopus,11,Slitherin',Undeniably hypnotic.,,
,EID_Office,10,Office Chariot,Go for a spin.,,
,EID_Ohana,9,U Can't C Me,Wait. Where did you go?,,
,EID_OilPaint,12,Pay it Off,Make it work for you.,,
,EID_OnTheHook,13,On The Hook,Reel in a prize catch.,,
,EID_OneArmFloss,15,No Sweat,With one hand tied behind your back.,,
,EID_Onward,10,It's a Go!,This is a good sign.,,
,EID_OrbitTeal_1XLAO,19,Targeting Computer Online,Scan the horizon for your target.,,
,EID_OrderGuard,14,Cyclo Curl,Feel the turn. ,,
,EID_OriginPrisoner,18,Unchained,Break free. ,,
,EID_OstrichSpin,15,B.R.U.T.A.L. Dab,Mecha flex on 'em.,,
,EID_OuterGarment,16,Go Primal,Maximal war cry.,,
,EID_OverUnder_K3T0G,19,Onda Onda,Get ready to sweat.,,
,EID_Pages,9,Page-Turner,"Just a second, I'm almost at the end of the chapter.",,
,EID_ParallelComic,17,Neighborly Hang,Maybe the Daily Bugle was wrong about him!,,
,EID_PartyJazzTwinkleToes,24,Tippy Tap,It's a real toe tapper.,,
,EID_PartyJazzWigglyDance,24,Well rounded ,Take your turn. ,,
,EID_PatPat,10,Bear Hug,Bring it in.,,
,EID_Paws,8,Paws & Claws,Meow it's time to dance. ,,
,EID_PeelyBones,14,Xylo-bone,Real music comes from the inside.,,
,EID_PenguinWalk,15,Waddle Away,Some days you just gotta waddle.,,
,EID_Phew,8,Phew!,I was almost worried for a second. ,,
,EID_PhoneWavePapayaComms,24,Phone Wave,Party Emote,,
,EID_Phonograph,14,Phono Follies,Throw another nickel in and watch that turntable spin.,,
,EID_Photographer,16,Ollie Bounce,We make a great team!,,
,EID_PinkSpike,13,OMG I LOVE IT,THIS IS THE BEST!!!,,
,EID_PinkWidow,13,Shuriken Spinner,The most dangerous fidget. ,,
,EID_PirateGold,14,Boobytrapped,The sea delivers.,,
,EID_PizzaParty,14,Pitcycle,Powered by pepperoni.,,
,EID_Pizzatime,13,Pizza Party ,Delicious. ,,
,EID_PlayerEleven,16,Introducing...,Make yourself known.,,
,EID_PlotTwist,13,Lil' Podracer,Now THIS is podracing!,,
,EID_Plummet,11,The Dip,It's a serve.,,
,EID_PogoTraversal,17,Boing!,Put a little spring in your step. ,,
,EID_PointFingerMoleComms,24,Point Finger,Game Mode Emote,,
,EID_PointFingerPapayaComms,26,Point Finger,Party Emote,,
,EID_Pompous,11,Swagger Strut,Walk like you own the place.,,
,EID_Ponder,10,Deep Thought,"It's time to brainstorm, ponder, consider, strategize...",,
,EID_PopDance01,14,Star Power,No autographs please.,,
,EID_PopLock,11,Pop Lock,Lock it down.,,
,EID_Popcorn,11,Popcorn,This is gettin' good.,,
,EID_PoutyClap,13,Sad Claps,Clap through the sadness. ,,
,EID_PowerFarmer,15,Tow Truck Surfer,Cruise through canals and anywhere else.,,
,EID_PraiseStorm,15,Storm Salutation,Respect the storm.,,
,EID_PraiseTheTomato,19,Praise The Tomato,Splatter unto thee.,,
,EID_Prance,10,Jump Around,"What jumps up, must get down.",,
,EID_Prance_Follower,19,Jump Around,"What jumps up, must get down.",,
,EID_PresentOpening,18,Unwrapped,What did you get me?,,
,EID_ProVisitorProtest,21,Welcome!,Show us the way!,,
,EID_ProfessorPup,16,Go Cat Go,Grab and go.,,
,EID_Psychic_7SO2Z,17,Gangnam Style,Pony up and ride.,,
,EID_Pump,8,Pumpernickel,Get pumped.,,
,EID_PumpkinDance,16,Pump It Up,Carve out some space on the dance floor. ,,
,EID_Punctual,12,Pump Me Up,Bring out the fab-u-lous.,,
,EID_PunkKoi,11,Hand-Forged,Oni beware.,,
,EID_Pupil,9,Full Googly,The eyes have it.,,
,EID_PureSalt,12,Pure Salt,All-purpose seasoning.,,
,EID_PuzzleBox,13,Amazing Cube,Wow your friends! Intimidate your enemies! Be a hit at parties!,,
,EID_Quantity_39X5D,18,Hit It,I think we got a winner.,,
,EID_QuarrelFemale_4ABL0,23,Cannon Spike,Twirl and taunt your way to the top.,,
,EID_QuarrelMale_SGVNE,21,Flash Kick,Go home and be a family man.,,
,EID_QuickSweeper,16,Jamboree,Celebrate anything and everything.,,
,EID_RaceStart,13,On Your Mark...,Don't forget to stretch.,,
,EID_RaceStart_Argon,19,On Your Mark...,Don't forget to stretch.,,
,EID_RageQuit,12,Rage Quit,I'm out. ,,
,EID_RaiseTheRoof,16,Raise The Roof,"Go ahead, we won't judge. ",,
,EID_RankedProgression,21,Burn Bright,The flame of victory.,,
,EID_Realm,9,Imperial March,Channel the power of the Dark Side.,,
,EID_RedCard,11,Red Card,Foul play!,,
,EID_RedPepper,13,Mini Slayer Fistbump,"I shall call him ""Mini Slayer"" and he will be my friend.",,
,EID_Reflection,14,Self Reflexing,Show off that swole.,,
,EID_RegalWave,13,Regal Wave,Greetings royale.,,
,EID_Relaxed,11,Sweaty,We've all been there.,,
,EID_Relish_TNPZI,16,Brolly Stroll,"I love the smell after it rains, don't you?",,
,EID_RememberMe,14,Forget me not,Always unforgettable.,,
,EID_RespectThePeace,19,Respect The Peace,Show some respect. ,,
,EID_RespectThePeace_LeaveAdHocSquad,35,Leave Squad,Seeya!,,
,EID_RespectThePeace_RemovePartyRift,35,Remove Party Signal,Close any active Party Signal you have deployed.,,
,EID_Reverence,13,It is Finished,"At long last, my quest is complete. ",,
,EID_RhymeLockReward,19,Lil' Octane Flames,"Pop it, tip it, and dodge it to the goal.",,
,EID_RhymeLock_5B2Y3,19,Lil' Octane,"Pop it, tip it, and dodge it to the goal.",,
,EID_RibbonDance,15,Ribbon Dancer,Can't deny the ribbon.,,
,EID_RichFam,11,It's Complicated,Turn some heads.,,
,EID_RideThePonyTwo,18,Pony Up,Yeehaw!,,
,EID_RideThePony_Athena,22,Ride The Pony,Express yourself on the battlefield.,,
,EID_RigorMortis,15,Zombie Shambles,Good luck finding those brains.,,
,EID_RippedHarvester,19,Fang Dance,Flow like the serpent.,,
,EID_RoastingMarshmallow,23,Toasty,Keep it mallow.,,
,EID_Robot,9,The Robot,Execute dance sequence.,,
,EID_RockGuitar,14,Rock Out,Are you ready to rock?!,,
,EID_RockPaperScissors,21,Rock Paper Scissors,Best out of three.,,
,EID_RocketRodeo,15,Rocket Rodeo,Hang on tight!,,
,EID_RockingChair,16,Pickin',And grinnin'.,,
,EID_RollerBlade,15,Superstar Celebration,...And new RAW Women's Champion!,,
,EID_RoosterMech,15,Jump Jets,Lift with your legs.,,
,EID_RoseDust,12,Arachrobatics,"Embody agility, grace, and power.",,
,EID_Rover_98BFX,15,Update Journal,Lemme just jot this down…,,
,EID_Roving,10,Lil' Rover,Onward to lil' discoveries. ,,
,EID_Ruckus,10,The Rick Dance,It's the Rick Dance.,,
,EID_RuckusMini_HW9YF,20,Get Schwifty,Behind every great singer is a guy with a tambourine.,,
,EID_Ruckus_Follower,19,The Rick Dance,It's the Rick Dance.,,
,EID_Rumble_Female,17,Sakura's Victory Sway,"Wow, that was cool. Do it again!",,
,EID_Rumble_Male,15,Blanka Backflip,OW OW OW AHHH!,,
,EID_RunningMan,14,Running Man,The challenge is to never stop running.,,
,EID_RunningManv3,16,Pick It Up,"Pick it up, pick it up, pick it up!",,
,EID_RustyBolt_ZMR13,19,Knife Tricks,Flourish of edged weapon skills.,,
,EID_SadTrombone,15,Sad Trombone,Womp womp.,,
,EID_Sahara,10,Teth's Throne,Let them kneel before you.,,
,EID_Salute,10,Salute,At ease!,,
,EID_SandwichBop,15,Go Mufasa,I did it legit-ly.,,
,EID_Sashimi,11,Koi Dance,We're dancing as a job!,,
,EID_Saucer,10,Lil' Saucer,Close encounters of the lil' kind. ,,
,EID_Saxophone,13,Phone It In,Lay down a saxy groove.,,
,EID_Scholar,11,Extracurricularmor,For when knowledge isn't enough power.,,
,EID_Schoolyard,14,Skipper,"Hop, skip, jump.",,
,EID_ScoreCard,13,Scorecard,Consider yourself judged.,,
,EID_ScoreCardBurger,19,Team Burger,Be beefy. ,,
,EID_ScorecardTomato,19,Team Tomato,Stay saucy. ,,
,EID_ScorpionZero,16,Point & Shoot,Sometimes the easiest way is the fastest way.,,
,EID_Scribe,10,Hero Analysis,"Actually, I've been taking notes!",,
,EID_ScrubDub,12,It's a Wash,Let's keep it clean out there.,,
,EID_SecretHandshake,19,Members Only,Are you in the club?,,
,EID_SecretSlash_UJT33,21,Shake & Slash,The first betrayal cuts the deepest.,,
,EID_SecretSplit_7FOGY,21,Shake & Split,Always stretch before you synchro-split.,,
,EID_SecurityGuard,17,Work It,Split the dancefloor. ,,
,EID_SexyFlip,12,Flippin' Sexy,Flip out!,,
,EID_Shadowboxing,16,Shadow Boxer,Stick and move.,,
,EID_Shaka,9,Hang Loose,Take it easy. ,,
,EID_ShakeHeadMoleComms,22,Shake Head,Game Mode Emote,,
,EID_ShakeHeadPapayaComms,24,Shake Head,Party Emote,,
,EID_ShallWe,11,Shanty for a Squad,Keep the tempo and catch the wave.,,
,EID_Shaolin,11,Shaolin Sit-up,Mind over body.,,
,EID_ShaolinSipUp,16,Shaolin Sip,"Mind over body, but first- tea.",,
,EID_Sharpfang,13,Boba Snack,"Ooh, it's so refreshing!",,
,EID_Shindig_8W1AW,17,Sway,Make your move and pass it on.,,
,EID_Shinobi,11,Dragon Stance,Form of the dragon.,,
,EID_Shiny,9,Fierce,Utterly dominated.,,
,EID_ShortScare,14,Butter Buddy,Careful. He can be a handful.,,
,EID_Shorts,10,Jumbo Popcorn,This is getting really good.,,
,EID_Showstopper,15,Showstopper,Pull out all the stops.,,
,EID_Sienna,10,Slash and Smash,Flourish of blows from a skilled hand to hand combatant.,,
,EID_SignSpinner,15,Sign Spinner,In it to spin it. ,,
,EID_SilentTempo,15,Ancestral Shift,Every Era has her purpose.,,
,EID_SillyJumps,14,Leapin',Bounce with joy.,,
,EID_SingAlong,13,Sing Along,"C'mon, you know the words!",,
,EID_SirWolf,11,Squirrelly,Go Nutz!,,
,EID_SitPapayaComms,18,Sit,Party Emote,,
,EID_Skeemote_K5J4J,18,Slalom Style,Ski your way to victory.,,
,EID_SkeletonDance,17,Fright Funk,Show off your ghoulish groove. ,,
,EID_SkirmishFemale_I5OTJ,24,Lightning Kick!,Hundred Lightning Legs!,,
,EID_SkirmishMale_FGPJ3,22,Shoryuken!,Rising Dragon Fist!,,
,EID_Sleek_S20CU,15,Freedom Wheels,"Do a lil' spin, do it again.",,
,EID_SleighIt,12,Ride Along,Time for a little sleigh ride. ,,
,EID_Slither_DAXD6,17,The Crane Kick,"If done right, no one can defend against it.",,
,EID_SlowClap,12,Slow Clap,Express yourself on the battlefield.,,
,EID_SmallFry_KFFA1,18,Mighty Ant,Hang on tight!,,
,EID_SmokeBombFail,17,Poof,Beguile your enemies in a cloud smoke. ,,
,EID_Snap,8,Snap,Balance is restored.,,
,EID_Snap_DeployPartyRift,24,Deploy Party Signal,Spawn a Party Signal in front of you.,,
,EID_SneakingTraversal,21,Very Sneaky,Stealth mode engaged!,,
,EID_SnowGlobe,13,Snowshaker,A Winter Wonderland in your hand.,,
,EID_Snowfall_H6LU9,18,Board Flair,Let's hit the slopes!,,
,EID_SoccerJuggling,18,Kick Ups,"Look, no hands.",,
,EID_SoccerTraversal,19,Fancy Footwork,Keep 'em guessing all the way to the goal.,,
,EID_Socks_XA9HM,15,Socks,Put in work.,,
,EID_SolarTheory,15,Zoidberg Scuttle,WOOP WOOP WOOP WOOP WOOP WOOP WOOP!,,
,EID_SomethingStinks,19,Something Stinks,Whoever smelt it...,,
,EID_SpaceChimp,14,Monkey Mosh,Put those opposable thumbs in the air.,,
,EID_Sparkler,12,Sparkler,So sparkly!,,
,EID_SpectacleWeb,16,Spidey Landing,"Flip out, Spidey style.",,
,EID_Spectacular,15,GOATed,Of all time!,,
,EID_Spectrum,12,Take a 'bow,Make it rain... bow. ,,
,EID_SpeedRun,12,Full Tilt,Lean into it.,,
,EID_Spiral,10,Rasenshuriken,Summon a spinning ball of chakra.,,
,EID_Spooky,10,Monster Mash,It was a graveyard smash.,,
,EID_SpringRider,15,Sproing!,Spring has sproinged.,,
,EID_Sprinkler,13,Sprinkler,Sprinkled with style.,,
,EID_SpyMale,11,Butterfly knife,This will end in tears.,,
,EID_Spyglass,12,Spyglass,Land ho!,,
,EID_SquishyDance,16,Marsh Walk,Keep it mello.,,
,EID_SquishyMedley,17,Keep It Mello,Join in the fun.,,
,EID_StageBow,12,Gentleman's Dab,Salutations good sir!,,
,EID_Stallion,12,Victory Colors,Cross the finish line in style.,,
,EID_StarStray,13,BPM Breakdown,Master the loop and make 'em dance.,,
,EID_StatuePose,14,Statuesque,So lifelike!,,
,EID_Steep,9,Tea Time,...but that's none of my business.,,
,EID_StepBreakdance,18,Side Hustle,The whole world's on your side. ,,
,EID_StrawberryPilotKpop,23,Peace Out,Keep It Positive.,,
,EID_StringDance,15,Party Hips,Some strings attached.,,
,EID_Success,11,Pumped!,YUSSS!,,
,EID_SuckerPunch,15,Turbocharged,Wind up and let em have it.,,
,EID_Suits,9,Cardistry,Watch the hands.,,
,EID_SunBurst,12,Stay Afloat,Just relax and let it carry you away...,,
,EID_SunBurstCreativeFloat,25,Stay Afloat,Just relax and let it carry you away...,,
,EID_SunBurstDance,17,The Dance LAROI,Pump up the hype.,,
,EID_SunBurstHeart,17,Heart of a King,Take a Love(seat) Again.,,
,EID_SunMelt,11,Bizcochito,You've got everythin' that you need.,,
,EID_Sunlit,10,Lunar Party,"Tear it up, you party animal.",,
,EID_Sunrise_RPZ6M,17,Sand Walk,Walk without rhythm to avoid attracting sandworms.,,
,EID_SuperheroBackflip,21,Flippin' Away,Back in action.,,
,EID_Survivorsault_NJ7WC,23,Survivorsault,Been doing this.,,
,EID_Suspenders,14,Roller Vibes,Just skatin' and vibin' out here.,,
,EID_SweetToss,13,Snackin',You deserve a lil' treat. ,,
,EID_SwimDance,13,Deep End,Dive in.,,
,EID_SwingDance,14,Jitterbug,We're buggin' out!,,
,EID_SwipeIt,11,Swipe It,Swipe it over and over again.,,
,EID_Swish,9,The Airplane,And the crowd goes wild.,,
,EID_SwitchTheWitch,18,Witchcraft,Share your magic.,,
,EID_Swoosh,10,Big Fan,Introduce them to your fanciest flourish. ,,
,EID_TPose,9,T-Pose,"Chin up, arms straight!",,
,EID_TacoTimeDance,17,Taco Time,Set your tacos free. ,,
,EID_TaiChi,10,Tai Chi,Find your balance.,,
,EID_TakeTheElf,14,Take The Elf,Break out the mistletoe.,,
,EID_TakeTheL,12,Take The L,Savor the W.,,
,EID_TakeTheW,12,Savor The W,This is what winning looks like.,,
,EID_Tally,9,Steady,Gimmie the love.,,
,EID_TapShuffle,14,Hootenanny,Yee haw!,,
,EID_Tapestry,12,Lil' Carpet Ride,All it takes is a lil' magic.,,
,EID_Tar_S9YVE,13,Quick Bite,Grab a light(speed) snack.,,
,EID_TeamMonster,15,Team Monster,You monster!,,
,EID_TeamRobot,13,Team Mech,Mecha Team Leader Forever!,,
,EID_TemperTantrum,17,Steamed,Let off some steam.,,
,EID_Temple,10,Evasive Maneuvers,That gymnastics training is really paying off.,,
,EID_TennisPaddle,16,Paddle Royale,Hop on the paddle bus.,,
,EID_Terminal,12,Vulcan Salute,Live long and prosper. ,,
,EID_Textile_3O8QG,17,The Look,Strike a Pose.,,
,EID_Texting,11,Busy,I'll be with you in just a moment.,,
,EID_TheShow,11,The Flow,Crow Foe Flow? Let's go!,,
,EID_ThighSlapper,16,Slap Happy,Stop hitting yourself.,,
,EID_Thrive,10,Serve Stance,Get ready to rally.,,
,EID_ThumbsDown,14,Thumbs Down,Nah.,,
,EID_ThumbsUp,12,Thumbs Up,Aye!,,
,EID_Tidy,8,Tidy,Keep it tidy.,,
,EID_TimeOut,11,Time Out,Stop the clock.,,
,EID_TimetravelBackflip,22,Spring-Loaded,Handspring into action.,,
,EID_TinyTremors,15,Tiniest Violin,Extend your tiniest sympathies. ,,
,EID_TnTina,10,Boom!,It's a blast. ,,
,EID_Toasted,11,Toasty Roast,They taste better burnt.,,
,EID_Tonal_51QI9,15,Dance Monkey,"A slow, shy shimmy for the battlefield.",,
,EID_Tons_49FGX,14,Tunak Tunak Tun,Da da da. ,,
,EID_TorchSnuffer,16,Tsssss,Your time here is done. ,,
,EID_Touchdown,13,Spike It,Celebrate a big play.,,
,EID_TourBus,11,Ninja Style,The moves of a true ninja.,,
,EID_TowerSentinel,17,Tower Guard,There's no turning back...,,
,EID_Traction,12,Lil' Mower,This battlefield requires a lil' landscaping.,,
,EID_Trademark,13,"Autograph, Please!",A singular signature.,,
,EID_TreadmillDance,18,Stride,"Find a groove, and hit your stride.",,
,EID_TreeLightPose,17,Light Up,Bright idea.,,
,EID_Trifle,10,Bring The Hammer Down,"Whosoever holds this hammer, if they be worthy, shall possess the power of... Thor.",,
,EID_TripleScoop,15,Freewheelin',Skate through life.,,
,EID_Triumphant,14,Triumphant,I made my own path and my path made me.,,
,EID_Troops,10,It's a Trick!,There's something down there!,,
,EID_TrophyCelebration,21,Kiss The Cup,Relish your victories.,,
,EID_TrophyCelebrationFNCS,25,Champion's Celebration,Make your victory crystal-clear.,,
,EID_TruckerHorn,15,Beep Beep,Comin' through! ,,
,EID_TrueLove,12,True Love,Get Romantic.,,
,EID_Turtleneck,14,Tactical Visor Toggle,For when you need a whiff of fresh air.,,
,EID_Twist,9,Twist,It's all in the hips.,,
,EID_TwistDaytona,16,Rollie,Dab of ranch not included.,,
,EID_TwistEternity,17,Last Forever,Who said love don't last forever?,,
,EID_TwistEternity_Sync,22,Last Forever,Who said love don't last forever?,,
,EID_TwistEternity_Sync_Follower,31,Last Forever,Who said love don't last forever?,,
,EID_TwistFire_I2VTA,19,Wake Up,Okay okay okay! ,,
,EID_TwistWasp_T2I4J,19,My World,Shake ya feathers.,,
,EID_TwoHype,11,Dirtbike Challenge,Let's go for a ride.,,
,EID_Typhoon_VO9OF,17,Cyberdyne Salute,He'll be back.,,
,EID_UkuleleTime,15,Island Vibes,Strum a happy little tune. ,,
,EID_UltraEnergize,17,Vegeta's Charging Up,Amplify your ki.,,
,EID_Ultralight,14,Psychic Energy Manipulation,Psionic energy has many uses as long as you know what you are doing.,,
,EID_UnicycleTraversal,21,Unicycle,Because you've made choices.,,
,EID_Unified,11,Dream,,,
,EID_Uproar_496SC,16,Punching Practice,Prepare for Vi-ctory!,,
,EID_VectorSpark,15,Shadow Play: Toad,Conjure your shikigami.,,
,EID_VectorSparkv2,17,Shadow Play: Dog,Conjure your shikigami.,,
,EID_VectorSparkv3,17,Shadow Play: Max Elephant,Conjure your shikigami.,,
,EID_Veiled,10,Ready Up,Become your most digital self.,,
,EID_Venice,10,Balance Board,How long can you go?,,
,EID_Vertigo,11,We are Venom,Watch your brains.,,
,EID_VikingHorn,14,Battle Call,Heed the call.,,
,EID_Viral,9,Gunslinger Smokeshow,Do what you want.,,
,EID_Vivid_I434X,15,In Da Party,"En el ghetto hay party, todo el mundo, everybody.",,
,EID_WIR,7,Hot Marat,Wreck the dance floor.,,
,EID_WackyWavy,13,Breezy,Any way the wind blows.,,
,EID_WalkieWalk,14,Feelin' Jaunty,For when strutting just won't cut it. ,,
,EID_Warehouse,13,Dance Therapy,Let it all out.,,
,EID_WatchThis,13,Ready When You Are,No go on. Take your time. I'll wait.,,
,EID_Wave,8,Wave,Express yourself on the battlefield.,,
,EID_WaveDance,13,Flux,Stay in the flow.,,
,EID_WavePapayaComms,19,Wave,Party Emote,,
,EID_Wayfare,11,Investigate,Have your Ghost scan for important information.,,
,EID_WellPlayed,14,"Good Game, Well Played",A sign of your approval.,,
,EID_WhereIsMatt,15,Where Is Matt?,Show the world your moves.,,
,EID_Whirlwind,13,Whirlwind,Around and around abound.,,
,EID_Wiggle,10,Wiggle,Never stop wigglin'.,,
,EID_WindmillFloss,17,Windmill Floss,Take it all the way around.,,
,EID_Wizard,10,Llamacadabra,Don't forget the magic word.,,
,EID_WolfHowl,12,Howl,Stand in front of a moon for maximum effect.,,
,EID_Worm,8,The Worm,Express yourself on the battlefield.,,
,EID_WristFlick,14,Shimmer,Bordering on excessive levels of sass.,,
,EID_WrongWay_M47AL,18,This Is The Way,A Mandalorian mantra.,,
,EID_YayExcited,14,Yay! ,So excited!,,
,EID_Yeet,8,Dip,Take a dip.,,
,EID_YouBoreMe,13,Snoozefest,Yawn.,,
,EID_YouThere,12,It's... you?,How can it be?,,
,EID_YoureAwesome,16,You're Awesome,Seriously. We all think so.,,
,EID_Zest_Q1K5V,14,Maximum Bounce,"Music by Marshmello, dance moves by josh3thousand.",,
,EID_Zippy,9,Rambunctious,The embodiment of boundless energy.,,
,EID_ZirconSweep,15,Get Out of Your Mind,Let your thoughts run free.,,
,EID_Zombie,10,Reanimated,From beyond the rave!,,
,EID_ZombieElastic,17,Zom-beam,Rise from the grave... and shine. ,,
,EID_ZombieWalk,14,Zombified,Braaaains.,,
,,,,,,
,,,,,,
,,,,,,
,,,,,,
,,,,,,
,,,,,,
,,,,,,
,,,,,,
,,,,,,
,,,,,,
,,,,,,
,,,,,,
,,,,,,
,,,,,,
,,,,,,
,,,,,,
,,,,,,
,,,,,,
,,,,,,
,,,,,,
,,,,,,
,,,,,,
,,,,,,
,,,,,,
,,,,,,
,,,,,,
,,,,,,
,,,,,,
,,,,,,
,,,,,,
,,,,,,
,,,,,,
,,,,,,
,,,,,,
,,,,,,
,,,,,,
,,,,,,
,,,,,,
,,,,,,
,,,,,,
,,,,,,
,,,,,,
,,,,,,
,,,,,,
,,,,,,
,,,,,,
,,,,,,
,,,,,,
,,,,,,
,,,,,,
,,,,,,
,,,,,,
,,,,,,
,,,,,,
,,,,,,
,,,,,,
,,,,,,
,,,,,,
,,,,,,
,,,,,,
,,,,,,
,,,,,,
,,,,,,
,,,,,,
,,,,,,
,,,,,,
,,,,,,
,,,,,,
,,,,,,
,,,,,,
,,,,,,
,,,,,,
,,,,,,
,,,,,,
,,,,,,
,,,,,,
,,,,,,
,,,,,,
,,,,,,
,,,,,,
,,,,,,
,,,,,,
,,,,,,
,,,,,,
,,,,,,
,,,,,,
,,,,,,
,,,,,,
,,,,,,
,,,,,,
,,,,,,
,,,,,,
,,,,,,
,,,,,,
,,,,,,
,,,,,,
,,,,,,
,,,,,,
,,,,,,
,,,,,,
,,,,,,
,,,,,,
,,,,,,
,,,,,,
,,,,,,
,,,,,,
,,,,,,
,,,,,,
,,,,,,
,,,,,,
,,,,,,
,,,,,,
,,,,,,
,,,,,,
,,,,,,
,,,,,,
,,,,,,
,,,,,,
,,,,,,
,,,,,,
,,,,,,
,,,,,,
,,,,,,
,,,,,,
,,,,,,
,,,,,,
,,,,,,
,,,,,,
,,,,,,
,,,,,,
,,,,,,
,,,,,,
,,,,,,
,,,,,,
,,,,,,
,,,,,,
,,,,,,
,,,,,,
,,,,,,
,,,,,,
,,,,,,
,,,,,,
,,,,,,
,,,,,,
,,,,,,
,,,,,,
,,,,,,
,,,,,,
,,,,,,
,,,,,,
,,,,,,
,,,,,,
,,,,,,
,,,,,,
,,,,,,
,,,,,, 
